FinishTime,ArrivalTime,ServiceTime,ID
5.52976,0.529761,1,0
5.65644,0.656444,1,1
6.28615,1.94196,1,4
6.68212,1.68212,1,2
6.71374,1.71374,1,3
10.2804,3.93393,1,6
